{"0": {"distance_0": 12.829550312031577, "escape": 134.8, "distance_axis": [10.446449317460795, 5.314618044112166], "crosses": 16.0}, "1": {"distance_0": 17.356898839317008, "escape": 93.2, "distance_axis": [9.819990267498948, 12.478367202045224], "crosses": 11.6}, "2": {"distance_0": 28.2, "escape": 157.6, "distance_axis": [28.2, 3.113052163432568e-14], "crosses": 8.4}, "3": {"distance_0": 66.92273883291057, "escape": 35.2, "distance_axis": [6.819226583392487, 65.95841562042902], "crosses": 41.2}}